[
  {
    "isNew": true,
    "isFavorite": false,
    "image": "resources/images/products/001.jpg",
    "name": "TP-Link AC1750 Smart WiFi Router - Dual Band Gigabit Wireless Internet Routers for Home",
    "price": "199.28",
    "oldPrice": "299.28"
  },
  {
    "isNew": false,
    "isFavorite": true,
    "image": "resources/images/products/002.jpg",
    "name": "TP-Link AC1750 Smart WiFi Router - Dual Band Gigabit Wireless Internet Routers for Home",
    "price": "99.99",
    "oldPrice": "199.99"
  },
  {
    "isNew": false,
    "isFavorite": false,
    "image": "resources/images/products/003.jpg",
    "name": "TP-Link AC1750 Smart WiFi Router - Dual Band Gigabit Wireless Internet Routers for Home",
    "price": "245.21",
    "oldPrice": "419.58"
  },
  {
    "isNew": true,
    "isFavorite": true,
    "image": "resources/images/products/004.jpg",
    "name": "TP-Link AC1750 Smart WiFi Router - Dual Band Gigabit Wireless Internet Routers for Home",
    "price": "199.99",
    "oldPrice": "499.99"
  },
  {
    "isNew": true,
    "isFavorite": false,
    "image": "resources/images/products/001.jpg",
    "name": "TP-Link AC1750 Smart WiFi Router - Dual Band Gigabit Wireless Internet Routers for Home",
    "price": "199.28",
    "oldPrice": "299.28"
  },
  {
    "isNew": false,
    "isFavorite": true,
    "image": "resources/images/products/002.jpg",
    "name": "TP-Link AC1750 Smart WiFi Router - Dual Band Gigabit Wireless Internet Routers for Home",
    "price": "99.99",
    "oldPrice": "199.99"
  },
  {
    "isNew": false,
    "isFavorite": false,
    "image": "resources/images/products/003.jpg",
    "name": "TP-Link AC1750 Smart WiFi Router - Dual Band Gigabit Wireless Internet Routers for Home",
    "price": "245.21",
    "oldPrice": "419.58"
  },
  {
    "isNew": true,
    "isFavorite": true,
    "image": "resources/images/products/004.jpg",
    "name": "TP-Link AC1750 Smart WiFi Router - Dual Band Gigabit Wireless Internet Routers for Home",
    "price": "199.99",
    "oldPrice": "499.99"
  },
  {
    "isNew": true,
    "isFavorite": false,
    "image": "resources/images/products/001.jpg",
    "name": "TP-Link AC1750 Smart WiFi Router - Dual Band Gigabit Wireless Internet Routers for Home",
    "price": "199.28",
    "oldPrice": "299.28"
  },
  {
    "isNew": false,
    "isFavorite": true,
    "image": "resources/images/products/002.jpg",
    "name": "TP-Link AC1750 Smart WiFi Router - Dual Band Gigabit Wireless Internet Routers for Home",
    "price": "99.99",
    "oldPrice": "199.99"
  },
  {
    "isNew": false,
    "isFavorite": false,
    "image": "resources/images/products/003.jpg",
    "name": "TP-Link AC1750 Smart WiFi Router - Dual Band Gigabit Wireless Internet Routers for Home",
    "price": "245.21",
    "oldPrice": "419.58"
  },
  {
    "isNew": true,
    "isFavorite": true,
    "image": "resources/images/products/004.jpg",
    "name": "TP-Link AC1750 Smart WiFi Router - Dual Band Gigabit Wireless Internet Routers for Home",
    "price": "199.99",
    "oldPrice": "499.99"
  }
]