[
  {
    "path": "resources/images/content/photos/1.jpeg",
    "name": "Spacex.jpeg",
    "size": "1.2mb"
  },
  {
    "path": "resources/images/content/photos/2.jpeg",
    "name": "flower_on_head.jpeg",
    "size": "768kb"
  },
  {
    "path": "resources/images/content/photos/3.jpeg",
    "name": "pinky.jpeg",
    "size": "945kb"
  },
  {
    "path": "resources/images/content/photos/4.jpeg",
    "name": "dell2719d.jpeg",
    "size": "915kb"
  },
  {
    "path": "resources/images/content/photos/5.jpeg",
    "name": "Heating.jpeg",
    "size": "317kb"
  },
  {
    "path": "resources/images/content/photos/6.jpeg",
    "name": "wallpaper001.jpeg",
    "size": "216kb"
  },
  {
    "path": "resources/images/content/photos/1.jpeg",
    "name": "Spacex.jpeg",
    "size": "1.2mb"
  },
  {
    "path": "resources/images/content/photos/2.jpeg",
    "name": "flower_on_head.jpeg",
    "size": "768kb"
  },
  {
    "path": "resources/images/content/photos/3.jpeg",
    "name": "pinky.jpeg",
    "size": "945kb"
  },
  {
    "path": "resources/images/content/photos/4.jpeg",
    "name": "dell2719d.jpeg",
    "size": "915kb"
  },
  {
    "path": "resources/images/content/photos/5.jpeg",
    "name": "Heating.jpeg",
    "size": "317kb"
  },
  {
    "path": "resources/images/content/photos/6.jpeg",
    "name": "wallpaper001.jpeg",
    "size": "216kb"
  },
  {
    "path": "resources/images/content/photos/1.jpeg",
    "name": "Spacex.jpeg",
    "size": "1.2mb"
  },
  {
    "path": "resources/images/content/photos/2.jpeg",
    "name": "flower_on_head.jpeg",
    "size": "768kb"
  },
  {
    "path": "resources/images/content/photos/3.jpeg",
    "name": "pinky.jpeg",
    "size": "945kb"
  },
  {
    "path": "resources/images/content/photos/4.jpeg",
    "name": "dell2719d.jpeg",
    "size": "915kb"
  },
  {
    "path": "resources/images/content/photos/5.jpeg",
    "name": "Heating.jpeg",
    "size": "317kb"
  },
  {
    "path": "resources/images/content/photos/6.jpeg",
    "name": "wallpaper001.jpeg",
    "size": "216kb"
  }
]
