{
  "data": [
    {
      "id": 2412,
      "key": "1",
      "date": "2014/06/13",
      "customer": "Damon",
      "total": 56,
      "tax": 5.6,
      "shipping": 10,
      "quantity": 85,
      "status": "Processing"
    },

    {
      "id": 7821,
      "key": "11",
      "date": "2013/06/28",
      "customer": "Torrey",
      "total": 452,
      "tax": 45.2,
      "shipping": 10,
      "quantity": 136,
      "status": "Complete"
    },
    {
      "id": 2412,
      "key": "12",
      "date": "2013/05/28",
      "customer": "Hubert",
      "total": 62,
      "tax": 6.2,
      "shipping": 34,
      "quantity": 362,
      "status": "Processing"
    }
  ]
}
