{
  "data": [{
    "id": 2412,
    "key": "1",
    "date": "2014/06/13",
    "customer": "Damon",
    "total": 56,
    "tax": 5.6,
    "shipping": 10,
    "quantity": 85,
    "status": "Processing"
  }, {
    "id": 3234,
    "key": "2",
    "date": "2013/09/27",
    "customer": "Miracle",
    "total": 63.40,
    "tax": 6.34,
    "shipping": 0,
    "quantity": 263,
    "status": "Complete"
  }, {
    "id": 7821,
    "key": "3",
    "date": "2013/06/28",
    "customer": "Torrey",
    "total": 452,
    "tax": 45.2,
    "shipping": 10,
    "quantity": 136,
    "status": "Complete"
  }, {
    "id": 2412,
    "key": "4",
    "date": "2013/05/28",
    "customer": "Hubert",
    "total": 62,
    "tax": 6.2,
    "shipping": 34,
    "quantity": 362,
    "status": "Processing"
  }, {
    "id": 2412,
    "key": "5",
    "date": "2014/06/13",
    "customer": "Damon",
    "total": 56,
    "tax": 5.6,
    "shipping": 10,
    "quantity": 85,
    "status": "Processing"
  }, {
    "id": 3234,
    "key": "6",
    "date": "2013/09/27",
    "customer": "Miracle",
    "total": 63.40,
    "tax": 6.34,
    "shipping": 0,
    "quantity": 263,
    "status": "Complete"
  }, {
    "id": 7821,
    "key": "7",
    "date": "2013/06/28",
    "customer": "Torrey",
    "total": 452,
    "tax": 45.2,
    "shipping": 10,
    "quantity": 136,
    "status": "Complete"
  }, {
    "id": 2412,
    "key": "8",
    "date": "2013/05/28",
    "customer": "Hubert",
    "total": 62,
    "tax": 6.2,
    "shipping": 34,
    "quantity": 362,
    "status": "Processing"
  }, {
    "id": 2412,
    "key": "9",
    "date": "2014/06/13",
    "customer": "Damon",
    "total": 56,
    "tax": 5.6,
    "shipping": 10,
    "quantity": 85,
    "status": "Processing"
  }, {
    "id": 3234,
    "key": "10",
    "date": "2013/09/27",
    "customer": "Miracle",
    "total": 63.40,
    "tax": 6.34,
    "shipping": 0,
    "quantity": 263,
    "status": "Complete"
  }, {
    "id": 7821,
    "key": "11",
    "date": "2013/06/28",
    "customer": "Torrey",
    "total": 452,
    "tax": 45.2,
    "shipping": 10,
    "quantity": 136,
    "status": "Complete"
  }, {
    "id": 2412,
    "key": "12",
    "date": "2013/05/28",
    "customer": "Hubert",
    "total": 62,
    "tax": 6.2,
    "shipping": 34,
    "quantity": 362,
    "status": "Processing"
  }]
}