[
  {
    "name": "Hellen Maggie",
    "avatar": "resources/images/avatars/3.jpg",
    "unread": 1,
    "position": "Administrator",
    "dialog": [
      {
        "owner": "you",
        "time": "5 min ago",
        "content": "Hi! Anyone here? I want to know how I can buy Clean UI?"
      },
      {
        "owner": "hellen",
        "time": "5 min ago",
        "content": "Please call us + 100 295 000"
      }
    ]
  },
  {
    "name": "Dean Beckham",
    "avatar": "resources/images/avatars/1.jpg",
    "unread": 2,
    "position": "Moderator",
    "dialog": []
  },
  {
    "name": "Mike Stake",
    "avatar": "resources/images/avatars/4.jpg",
    "unread": 0,
    "position": "Agent",
    "dialog": []
  },
  {
    "name": "Janie Lawrence",
    "avatar": "resources/images/avatars/5.jpg",
    "unread": 0,
    "position": "Agent",
    "dialog": []
  }
]