{
  "marketHistoryData": [
    {
      "key": 1,
      "orderDate": "20:11:25",
      "type": "SELL",
      "bidAsk": "6709.00000000",
      "unitsTotal": "0.00050000",
      "totalCost": "3.35510106"
    },
    {
      "key": 2,
      "orderDate": "20:26:52",
      "type": "BUY",
      "bidAsk": "6709.00000000",
      "unitsTotal": "7.00050000",
      "totalCost": "32.35510106"
    },
    {
      "key": 3,
      "orderDate": "20:31:12",
      "type": "BUY",
      "bidAsk": "6709.00000000",
      "unitsTotal": "0.00050000",
      "totalCost": "3.35510106"
    },
    {
      "key": 4,
      "orderDate": "20:44:41",
      "type": "SELL",
      "bidAsk": "6809.00000000",
      "unitsTotal": "2.00050000",
      "totalCost": "90.35510106"
    },
    {
      "key": 5,
      "orderDate": "20:47:25",
      "type": "SELL",
      "bidAsk": "6709.00000000",
      "unitsTotal": "0.00050000",
      "totalCost": "3.35510106"
    },
    {
      "key": 6,
      "orderDate": "20:56:45",
      "type": "SELL",
      "bidAsk": "6709.00000000",
      "unitsTotal": "0.00050000",
      "totalCost": "3.35510106"
    }
  ],
  "myOpenOrdersData": [
    {
      "key": 1,
      "orderDate": "2018/05/27 20:55:39",
      "openDate": "2018/05/27 20:55:39",
      "type": "SELL",
      "bidAsk": "7319.44600000",
      "filled": "0.26510202",
      "unitsTotal": "0.26510202",
      "actualRate": "7325.77049148",
      "estTotal": "1937.22136398"
    },
    {
      "key": 2,
      "orderDate": "2018/05/24 09:28:04",
      "openDate": "2018/05/24 09:27:11",
      "type": "BUY",
      "bidAsk": "7660.00000000",
      "filled": "0.29959731",
      "unitsTotal": "0.29959731",
      "actualRate": "7660.00000000",
      "estTotal": "-2300.65268307"
    },
    {
      "key": 3,
      "orderDate": "2018/05/18 20:21:08",
      "openDate": "2018/05/18 20:21:08",
      "type": "SELL",
      "bidAsk": "8121.00000001",
      "filled": "0.28400674",
      "unitsTotal": "0.28400674",
      "actualRate": "8121.00000000",
      "estTotal": "2300.65268871"
    }
  ],
  "orderBookSell": [
    {
      "key": 1,
      "sum": "3.3187",
      "total": "3.0801",
      "size": "479.021",
      "bid": "0.00643000"
    },
    {
      "key": 2,
      "sum": "2.3187",
      "total": "3.3536",
      "size": "236.021",
      "bid": "0.00267789"
    },
    {
      "key": 3,
      "sum": "3.3187",
      "total": "3.3267",
      "size": "236.021",
      "bid": "0.00643670"
    },
    {
      "key": 4,
      "sum": "4.3187",
      "total": "3.24727",
      "size": "637.021",
      "bid": "0.00267000"
    },
    {
      "key": 5,
      "sum": "5.3187",
      "total": "3.272",
      "size": "15.021",
      "bid": "0.00333000"
    },
    {
      "key": 6,
      "sum": "6.3187",
      "total": "3.2727",
      "size": "62.021",
      "bid": "0.00643667"
    },
    {
      "key": 7,
      "sum": "7.3187",
      "total": "3.4778",
      "size": "23.021",
      "bid": "0.00647873"
    },
    {
      "key": 8,
      "sum": "5.3187",
      "total": "3.8549",
      "size": "2356.021",
      "bid": "0.00643478"
    },
    {
      "key": 9,
      "sum": "9.3187",
      "total": "3.35738",
      "size": "125.021",
      "bid": "0.00477000"
    },
    {
      "key": 10,
      "sum": "10.3187",
      "total": "3.37",
      "size": "234.021",
      "bid": "0.00236000"
    },
    {
      "key": 11,
      "sum": "11.3187",
      "total": "3.3883",
      "size": "456.021",
      "bid": "0.00674440"
    },
    {
      "key": 12,
      "sum": "5.3187",
      "total": "3.8549",
      "size": "2356.021",
      "bid": "0.00643478"
    },
    {
      "key": 13,
      "sum": "9.3187",
      "total": "3.35738",
      "size": "125.021",
      "bid": "0.00477000"
    },
    {
      "key": 14,
      "sum": "10.3187",
      "total": "3.37",
      "size": "234.021",
      "bid": "0.00236000"
    },
    {
      "key": 15,
      "sum": "11.3187",
      "total": "3.3883",
      "size": "456.021",
      "bid": "0.00674440"
    }
  ],
  "orderBookBuy": [
    {
      "key": 1,
      "sum": "3.3187",
      "total": "3.0801",
      "size": "479.021",
      "ask": "0.00643000"
    },
    {
      "key": 2,
      "sum": "2.3187",
      "total": "3.3536",
      "size": "236.021",
      "ask": "0.00267789"
    },
    {
      "key": 3,
      "sum": "3.3187",
      "total": "3.3267",
      "size": "236.021",
      "ask": "0.00643670"
    },
    {
      "key": 4,
      "sum": "4.3187",
      "total": "3.24727",
      "size": "637.021",
      "ask": "0.00267000"
    },
    {
      "key": 5,
      "sum": "5.3187",
      "total": "3.272",
      "size": "15.021",
      "ask": "0.00333000"
    },
    {
      "key": 6,
      "sum": "6.3187",
      "total": "3.2727",
      "size": "62.021",
      "ask": "0.00643667"
    },
    {
      "key": 7,
      "sum": "7.3187",
      "total": "3.4778",
      "size": "23.021",
      "ask": "0.00647873"
    },
    {
      "key": 8,
      "sum": "5.3187",
      "total": "3.8549",
      "size": "2356.021",
      "ask": "0.00643478"
    },
    {
      "key": 9,
      "sum": "9.3187",
      "total": "3.35738",
      "size": "125.021",
      "ask": "0.00477000"
    },
    {
      "key": 10,
      "sum": "10.3187",
      "total": "3.37",
      "size": "234.021",
      "ask": "0.00236000"
    },
    {
      "key": 11,
      "sum": "11.3187",
      "total": "3.3883",
      "size": "456.021",
      "ask": "0.00674440"
    },
    {
      "key": 12,
      "sum": "5.3187",
      "total": "3.8549",
      "size": "2356.021",
      "ask": "0.00643478"
    },
    {
      "key": 13,
      "sum": "9.3187",
      "total": "3.35738",
      "size": "125.021",
      "ask": "0.00477000"
    },
    {
      "key": 14,
      "sum": "10.3187",
      "total": "3.37",
      "size": "234.021",
      "ask": "0.00236000"
    },
    {
      "key": 15,
      "sum": "11.3187",
      "total": "3.3883",
      "size": "456.021",
      "ask": "0.00674440"
    }
  ]
}
